,uniprot,expRg,expRgErr,fasta,ionic,labels,pH,temp,cal,N
0,THB_C2,1.91,0.076,"['G', 'P', 'G', 'S', 'E', 'D', 'V', 'W', 'E', 'I', 'L', 'R', 'Q', 'A', 'P', 'P', 'S', 'E', 'Y', 'E', 'R', 'I', 'A', 'F', 'Q', 'Y', 'G', 'V', 'T', 'D', 'L', 'R', 'G', 'M', 'L', 'K', 'R', 'L', 'K', 'G', 'M', 'R', 'R', 'D', 'E', 'K', 'K', 'S', 'T', 'A', 'F', 'Q', 'K', 'K', 'L', 'E', 'P', 'A', 'Y', 'Q', 'V', 'S', 'K', 'G', 'H', 'K', 'I', 'R', 'L', 'T', 'V', 'E', 'L', 'A', 'D', 'H', 'D', 'A', 'E', 'V', 'K', 'W', 'L', 'K', 'N', 'G', 'Q', 'E', 'I', 'Q', 'M', 'S', 'G', 'S', 'K', 'Y', 'I', 'F', 'E', 'S', 'I', 'G', 'A', 'K', 'R', 'T', 'L', 'T', 'I', 'S', 'Q', 'C', 'S', 'L', 'A', 'D', 'D', 'A', 'A', 'Y', 'Q', 'C', 'V', 'V', 'G', 'G', 'E', 'K', 'C', 'S', 'T', 'E', 'L', 'F', 'V', 'K', 'E']",0.15,,6.5,295.15,2.0690411662064943,137
1,Ubq2,2.19,0.18,"['M', 'A', 'S', 'H', 'H', 'H', 'H', 'H', 'H', 'G', 'A', 'Q', 'I', 'F', 'V', 'K', 'T', 'L', 'T', 'G', 'K', 'T', 'I', 'T', 'L', 'E', 'V', 'E', 'P', 'S', 'D', 'T', 'I', 'E', 'N', 'V', 'K', 'A', 'K', 'I', 'Q', 'D', 'K', 'E', 'G', 'I', 'P', 'P', 'D', 'Q', 'Q', 'R', 'L', 'I', 'F', 'A', 'G', 'K', 'Q', 'L', 'E', 'D', 'G', 'R', 'T', 'L', 'S', 'D', 'Y', 'N', 'I', 'Q', 'K', 'E', 'S', 'T', 'L', 'H', 'L', 'V', 'L', 'R', 'L', 'R', 'G', 'G', 'M', 'Q', 'I', 'F', 'V', 'K', 'T', 'L', 'T', 'G', 'K', 'T', 'I', 'T', 'L', 'E', 'V', 'E', 'P', 'S', 'D', 'T', 'I', 'E', 'N', 'V', 'K', 'A', 'K', 'I', 'Q', 'D', 'K', 'E', 'G', 'I', 'P', 'P', 'D', 'Q', 'Q', 'R', 'L', 'I', 'F', 'A', 'G', 'K', 'Q', 'L', 'E', 'D', 'G', 'R', 'T', 'L', 'S', 'D', 'Y', 'N', 'I', 'Q', 'K', 'E', 'S', 'T', 'L', 'H', 'L', 'V', 'L', 'R', 'L', 'R', 'G', 'G']",0.33,,8.0,293.0,2.0756733707883037,162
2,Ubq3,2.62,0.018,"['M', 'Q', 'I', 'F', 'V', 'K', 'T', 'L', 'T', 'G', 'K', 'T', 'I', 'T', 'L', 'E', 'V', 'E', 'P', 'S', 'D', 'T', 'I', 'E', 'N', 'V', 'K', 'A', 'K', 'I', 'Q', 'D', 'K', 'E', 'G', 'I', 'P', 'P', 'D', 'Q', 'Q', 'R', 'L', 'I', 'F', 'A', 'G', 'K', 'Q', 'L', 'E', 'D', 'G', 'R', 'T', 'L', 'S', 'D', 'Y', 'N', 'I', 'Q', 'K', 'E', 'S', 'T', 'L', 'H', 'L', 'V', 'L', 'R', 'L', 'R', 'G', 'G', 'M', 'Q', 'I', 'F', 'V', 'K', 'T', 'L', 'T', 'G', 'K', 'T', 'I', 'T', 'L', 'E', 'V', 'E', 'P', 'S', 'D', 'T', 'I', 'E', 'N', 'V', 'K', 'A', 'K', 'I', 'Q', 'D', 'K', 'E', 'G', 'I', 'P', 'P', 'D', 'Q', 'Q', 'R', 'L', 'I', 'F', 'A', 'G', 'K', 'Q', 'L', 'E', 'D', 'G', 'R', 'T', 'L', 'S', 'D', 'Y', 'N', 'I', 'Q', 'K', 'E', 'S', 'T', 'L', 'H', 'L', 'V', 'L', 'R', 'L', 'R', 'G', 'G', 'M', 'Q', 'I', 'F', 'V', 'K', 'T', 'L', 'T', 'G', 'K', 'T', 'I', 'T', 'L', 'E', 'V', 'E', 'P', 'S', 'D', 'T', 'I', 'E', 'N', 'V', 'K', 'A', 'K', 'I', 'Q', 'D', 'K', 'E', 'G', 'I', 'P', 'P', 'D', 'Q', 'Q', 'R', 'L', 'I', 'F', 'A', 'G', 'K', 'Q', 'L', 'E', 'D', 'G', 'R', 'T', 'L', 'S', 'D', 'Y', 'N', 'I', 'Q', 'K', 'E', 'S', 'T', 'L', 'H', 'L', 'V', 'L', 'R', 'L', 'R', 'G', 'G']",0.33,,8.0,293.0,2.645458469392012,228
3,Ubq4,3.19,0.092,"['M', 'Q', 'I', 'F', 'V', 'K', 'T', 'L', 'T', 'G', 'K', 'T', 'I', 'T', 'L', 'E', 'V', 'E', 'P', 'S', 'D', 'T', 'I', 'E', 'N', 'V', 'K', 'A', 'K', 'I', 'Q', 'D', 'K', 'E', 'G', 'I', 'P', 'P', 'D', 'Q', 'Q', 'R', 'L', 'I', 'F', 'A', 'G', 'K', 'Q', 'L', 'E', 'D', 'G', 'R', 'T', 'L', 'S', 'D', 'Y', 'N', 'I', 'Q', 'K', 'E', 'S', 'T', 'L', 'H', 'L', 'V', 'L', 'R', 'L', 'R', 'G', 'G', 'M', 'Q', 'I', 'F', 'V', 'K', 'T', 'L', 'T', 'G', 'K', 'T', 'I', 'T', 'L', 'E', 'V', 'E', 'P', 'S', 'D', 'T', 'I', 'E', 'N', 'V', 'K', 'A', 'K', 'I', 'Q', 'D', 'K', 'E', 'G', 'I', 'P', 'P', 'D', 'Q', 'Q', 'R', 'L', 'I', 'F', 'A', 'G', 'K', 'Q', 'L', 'E', 'D', 'G', 'R', 'T', 'L', 'S', 'D', 'Y', 'N', 'I', 'Q', 'K', 'E', 'S', 'T', 'L', 'H', 'L', 'V', 'L', 'R', 'L', 'R', 'G', 'G', 'M', 'Q', 'I', 'F', 'V', 'K', 'T', 'L', 'T', 'G', 'K', 'T', 'I', 'T', 'L', 'E', 'V', 'E', 'P', 'S', 'D', 'T', 'I', 'E', 'N', 'V', 'K', 'A', 'K', 'I', 'Q', 'D', 'K', 'E', 'G', 'I', 'P', 'P', 'D', 'Q', 'Q', 'R', 'L', 'I', 'F', 'A', 'G', 'K', 'Q', 'L', 'E', 'D', 'G', 'R', 'T', 'L', 'S', 'D', 'Y', 'N', 'I', 'Q', 'K', 'E', 'S', 'T', 'L', 'H', 'L', 'V', 'L', 'R', 'L', 'R', 'G', 'G', 'M', 'Q', 'I', 'F', 'V', 'K', 'T', 'L', 'T', 'G', 'K', 'T', 'I', 'T', 'L', 'E', 'V', 'E', 'P', 'S', 'D', 'T', 'I', 'E', 'N', 'V', 'K', 'A', 'K', 'I', 'Q', 'D', 'K', 'E', 'G', 'I', 'P', 'P', 'D', 'Q', 'Q', 'R', 'L', 'I', 'F', 'A', 'G', 'K', 'Q', 'L', 'E', 'D', 'G', 'R', 'T', 'L', 'S', 'D', 'Y', 'N', 'I', 'Q', 'K', 'E', 'S', 'T', 'L', 'H', 'L', 'V', 'L', 'R', 'L', 'R', 'G', 'G']",0.33,,8.0,293.0,3.252404312533298,304
4,Gal3,2.91,0.06,"['M', 'A', 'D', 'N', 'F', 'S', 'L', 'H', 'D', 'A', 'L', 'S', 'G', 'S', 'G', 'N', 'P', 'N', 'P', 'Q', 'G', 'W', 'P', 'G', 'A', 'W', 'G', 'N', 'Q', 'P', 'A', 'G', 'A', 'G', 'G', 'Y', 'P', 'G', 'A', 'S', 'Y', 'P', 'G', 'A', 'Y', 'P', 'G', 'Q', 'A', 'P', 'P', 'G', 'A', 'Y', 'P', 'G', 'Q', 'A', 'P', 'P', 'G', 'A', 'Y', 'H', 'G', 'A', 'P', 'G', 'A', 'Y', 'P', 'G', 'A', 'P', 'A', 'P', 'G', 'V', 'Y', 'P', 'G', 'P', 'P', 'S', 'G', 'P', 'G', 'A', 'Y', 'P', 'S', 'S', 'G', 'Q', 'P', 'S', 'A', 'P', 'G', 'A', 'Y', 'P', 'A', 'T', 'G', 'P', 'Y', 'G', 'A', 'P', 'A', 'G', 'P', 'L', 'I', 'V', 'P', 'Y', 'N', 'L', 'P', 'L', 'P', 'G', 'G', 'V', 'V', 'P', 'R', 'M', 'L', 'I', 'T', 'I', 'L', 'G', 'T', 'V', 'K', 'P', 'N', 'A', 'N', 'R', 'I', 'A', 'L', 'D', 'F', 'Q', 'R', 'G', 'N', 'D', 'V', 'A', 'F', 'H', 'F', 'N', 'P', 'R', 'F', 'N', 'E', 'N', 'N', 'R', 'R', 'V', 'I', 'V', 'C', 'N', 'T', 'K', 'L', 'D', 'N', 'N', 'W', 'G', 'R', 'E', 'E', 'R', 'Q', 'S', 'V', 'F', 'P', 'F', 'E', 'S', 'G', 'K', 'P', 'F', 'K', 'I', 'Q', 'V', 'L', 'V', 'E', 'P', 'D', 'H', 'F', 'K', 'V', 'A', 'V', 'N', 'D', 'A', 'H', 'L', 'L', 'Q', 'Y', 'N', 'H', 'R', 'V', 'K', 'K', 'L', 'N', 'E', 'I', 'S', 'K', 'L', 'G', 'I', 'S', 'G', 'D', 'I', 'D', 'L', 'T', 'S', 'A', 'S', 'Y', 'T', 'M', 'I']",0.04,,7.0,303.0,3.099983631720715,250
5,TIA1,2.75,0.05,"['G', 'E', 'D', 'E', 'M', 'P', 'K', 'T', 'L', 'Y', 'V', 'G', 'N', 'L', 'S', 'R', 'D', 'V', 'T', 'E', 'A', 'L', 'I', 'L', 'Q', 'L', 'F', 'S', 'Q', 'I', 'G', 'P', 'C', 'K', 'N', 'C', 'K', 'M', 'I', 'M', 'D', 'T', 'A', 'G', 'N', 'D', 'P', 'Y', 'C', 'F', 'V', 'E', 'F', 'H', 'E', 'H', 'R', 'H', 'A', 'A', 'A', 'A', 'L', 'A', 'A', 'M', 'N', 'G', 'R', 'K', 'I', 'M', 'G', 'K', 'E', 'V', 'K', 'V', 'N', 'W', 'A', 'T', 'T', 'P', 'S', 'S', 'Q', 'K', 'L', 'P', 'Q', 'T', 'G', 'N', 'H', 'F', 'H', 'V', 'F', 'V', 'G', 'D', 'L', 'S', 'P', 'E', 'I', 'T', 'T', 'E', 'D', 'I', 'K', 'A', 'A', 'F', 'A', 'P', 'F', 'G', 'R', 'I', 'S', 'D', 'A', 'R', 'V', 'V', 'K', 'D', 'M', 'A', 'T', 'G', 'K', 'S', 'K', 'G', 'Y', 'G', 'F', 'V', 'S', 'F', 'F', 'N', 'K', 'W', 'D', 'A', 'E', 'N', 'A', 'I', 'Q', 'Q', 'M', 'G', 'G', 'Q', 'W', 'L', 'G', 'G', 'R', 'Q', 'I', 'R', 'T', 'N', 'W', 'A', 'T', 'R', 'K', 'P', 'P', 'A', 'P', 'K', 'S', 'T', 'Y', 'E', 'S', 'N', 'T', 'K', 'Q', 'L', 'S', 'Y', 'D', 'E', 'V', 'V', 'N', 'Q', 'S', 'S', 'P', 'S', 'N', 'C', 'T', 'V', 'Y', 'C', 'G', 'G', 'V', 'T', 'S', 'G', 'L', 'T', 'E', 'Q', 'L', 'M', 'R', 'Q', 'T', 'F', 'S', 'P', 'F', 'G', 'Q', 'I', 'M', 'E', 'I', 'R', 'V', 'F', 'P', 'D', 'K', 'G', 'Y', 'S', 'F', 'V', 'R', 'F', 'N', 'S', 'H', 'E', 'S', 'A', 'A', 'H', 'A', 'I', 'V', 'S', 'V', 'N', 'G', 'T', 'T', 'I', 'E', 'G', 'H', 'V', 'V', 'K', 'C', 'Y', 'W', 'G', 'K']",0.1,,6.0,293.15,2.6791219573475504,275
6,hnRNPA1S,3.12,0.078,"['M', 'S', 'K', 'S', 'E', 'S', 'P', 'K', 'E', 'P', 'E', 'Q', 'L', 'R', 'K', 'L', 'F', 'I', 'G', 'G', 'L', 'S', 'F', 'E', 'T', 'T', 'D', 'E', 'S', 'L', 'R', 'S', 'H', 'F', 'E', 'Q', 'W', 'G', 'T', 'L', 'T', 'D', 'C', 'V', 'V', 'M', 'R', 'D', 'P', 'N', 'T', 'K', 'R', 'S', 'R', 'G', 'F', 'G', 'F', 'V', 'T', 'Y', 'A', 'T', 'V', 'E', 'E', 'V', 'D', 'A', 'A', 'M', 'N', 'A', 'R', 'P', 'H', 'K', 'V', 'D', 'G', 'R', 'V', 'V', 'E', 'P', 'K', 'R', 'A', 'V', 'S', 'R', 'E', 'D', 'S', 'Q', 'R', 'P', 'G', 'A', 'H', 'L', 'T', 'V', 'K', 'K', 'I', 'F', 'V', 'G', 'G', 'I', 'K', 'E', 'D', 'T', 'E', 'E', 'H', 'H', 'L', 'R', 'D', 'Y', 'F', 'E', 'Q', 'Y', 'G', 'K', 'I', 'E', 'V', 'I', 'E', 'I', 'M', 'T', 'D', 'R', 'G', 'S', 'G', 'K', 'K', 'R', 'G', 'F', 'A', 'F', 'V', 'T', 'F', 'D', 'D', 'H', 'D', 'S', 'V', 'D', 'K', 'I', 'V', 'I', 'Q', 'K', 'Y', 'H', 'T', 'V', 'N', 'G', 'H', 'N', 'C', 'E', 'V', 'R', 'K', 'A', 'L', 'S', 'K', 'Q', 'E', 'M', 'A', 'S', 'A', 'S', 'S', 'S', 'Q', 'R', 'G', 'R', 'S', 'G', 'S', 'G', 'N', 'F', 'G', 'G', 'G', 'R', 'G', 'G', 'G', 'F', 'G', 'G', 'N', 'D', 'N', 'F', 'G', 'R', 'G', 'G', 'N', 'F', 'S', 'G', 'R', 'G', 'G', 'F', 'G', 'G', 'S', 'R', 'G', 'G', 'G', 'G', 'Y', 'G', 'G', 'S', 'G', 'D', 'G', 'Y', 'N', 'G', 'F', 'G', 'N', 'D', 'G', 'S', 'N', 'F', 'G', 'G', 'G', 'G', 'N', 'Y', 'N', 'N', 'Q', 'S', 'S', 'N', 'F', 'G', 'P', 'M', 'K', 'G', 'G', 'N', 'F', 'G', 'G', 'R', 'S', 'S', 'G', 'P', 'Y', 'G', 'G', 'G', 'G', 'Q', 'Y', 'F', 'A', 'K', 'P', 'R', 'N', 'Q', 'G', 'G', 'Y', 'G', 'G', 'S', 'S', 'S', 'S', 'S', 'S', 'Y', 'G', 'S', 'G', 'R', 'R', 'F']",0.15,,7.5,293.15,3.3106215677621185,314
7,hSUMO_hnRNPA1S,3.37,0.13,"['M', 'G', 'S', 'S', 'H', 'H', 'H', 'H', 'H', 'H', 'G', 'S', 'G', 'L', 'V', 'P', 'R', 'G', 'S', 'A', 'S', 'M', 'S', 'D', 'S', 'E', 'V', 'N', 'Q', 'E', 'A', 'K', 'P', 'E', 'V', 'K', 'P', 'E', 'V', 'K', 'P', 'E', 'T', 'H', 'I', 'N', 'L', 'K', 'V', 'S', 'D', 'G', 'S', 'S', 'E', 'I', 'F', 'F', 'K', 'I', 'K', 'K', 'T', 'T', 'P', 'L', 'R', 'R', 'L', 'M', 'E', 'A', 'F', 'A', 'K', 'R', 'Q', 'G', 'K', 'E', 'M', 'D', 'S', 'L', 'R', 'F', 'L', 'Y', 'D', 'G', 'I', 'R', 'I', 'Q', 'A', 'D', 'Q', 'T', 'P', 'E', 'D', 'L', 'D', 'M', 'E', 'D', 'N', 'D', 'I', 'I', 'E', 'A', 'H', 'R', 'E', 'Q', 'I', 'G', 'G', 'M', 'S', 'K', 'S', 'E', 'S', 'P', 'K', 'E', 'P', 'E', 'Q', 'L', 'R', 'K', 'L', 'F', 'I', 'G', 'G', 'L', 'S', 'F', 'E', 'T', 'T', 'D', 'E', 'S', 'L', 'R', 'S', 'H', 'F', 'E', 'Q', 'W', 'G', 'T', 'L', 'T', 'D', 'C', 'V', 'V', 'M', 'R', 'D', 'P', 'N', 'T', 'K', 'R', 'S', 'R', 'G', 'F', 'G', 'F', 'V', 'T', 'Y', 'A', 'T', 'V', 'E', 'E', 'V', 'D', 'A', 'A', 'M', 'N', 'A', 'R', 'P', 'H', 'K', 'V', 'D', 'G', 'R', 'V', 'V', 'E', 'P', 'K', 'R', 'A', 'V', 'S', 'R', 'E', 'D', 'S', 'Q', 'R', 'P', 'G', 'A', 'H', 'L', 'T', 'V', 'K', 'K', 'I', 'F', 'V', 'G', 'G', 'I', 'K', 'E', 'D', 'T', 'E', 'E', 'H', 'H', 'L', 'R', 'D', 'Y', 'F', 'E', 'Q', 'Y', 'G', 'K', 'I', 'E', 'V', 'I', 'E', 'I', 'M', 'T', 'D', 'R', 'G', 'S', 'G', 'K', 'K', 'R', 'G', 'F', 'A', 'F', 'V', 'T', 'F', 'D', 'D', 'H', 'D', 'S', 'V', 'D', 'K', 'I', 'V', 'I', 'Q', 'K', 'Y', 'H', 'T', 'V', 'N', 'G', 'H', 'N', 'C', 'E', 'V', 'R', 'K', 'A', 'L', 'S', 'K', 'Q', 'E', 'M', 'A', 'S', 'A', 'S', 'S', 'S', 'Q', 'R', 'G', 'R', 'S', 'G', 'S', 'G', 'N', 'F', 'G', 'G', 'G', 'R', 'G', 'G', 'G', 'F', 'G', 'G', 'N', 'D', 'N', 'F', 'G', 'R', 'G', 'G', 'N', 'F', 'S', 'G', 'R', 'G', 'G', 'F', 'G', 'G', 'S', 'R', 'G', 'G', 'G', 'G', 'Y', 'G', 'G', 'S', 'G', 'D', 'G', 'Y', 'N', 'G', 'F', 'G', 'N', 'D', 'G', 'S', 'N', 'F', 'G', 'G', 'G', 'G', 'N', 'Y', 'N', 'N', 'Q', 'S', 'S', 'N', 'F', 'G', 'P', 'M', 'K', 'G', 'G', 'N', 'F', 'G', 'G', 'R', 'S', 'S', 'G', 'P', 'Y', 'G', 'G', 'G', 'G', 'Q', 'Y', 'F', 'A', 'K', 'P', 'R', 'N', 'Q', 'G', 'G', 'Y', 'G', 'G', 'S', 'S', 'S', 'S', 'S', 'S', 'Y', 'G', 'S', 'G', 'R', 'R', 'F']",0.1,,7.5,293.15,3.68232820039935,433
8,GS0,3.2,0.044,"['S', 'K', 'G', 'E', 'E', 'L', 'F', 'T', 'G', 'V', 'V', 'P', 'I', 'L', 'V', 'E', 'L', 'D', 'G', 'D', 'V', 'N', 'G', 'H', 'K', 'F', 'S', 'V', 'S', 'G', 'E', 'G', 'E', 'G', 'D', 'A', 'T', 'Y', 'G', 'K', 'L', 'T', 'L', 'K', 'F', 'I', 'C', 'T', 'T', 'G', 'K', 'L', 'P', 'V', 'P', 'W', 'P', 'T', 'L', 'V', 'T', 'T', 'L', 'S', 'W', 'G', 'V', 'Q', 'C', 'F', 'A', 'R', 'Y', 'P', 'D', 'H', 'M', 'K', 'Q', 'H', 'D', 'F', 'F', 'K', 'S', 'A', 'M', 'P', 'E', 'G', 'Y', 'V', 'Q', 'E', 'R', 'T', 'I', 'F', 'F', 'K', 'D', 'D', 'G', 'N', 'Y', 'K', 'T', 'R', 'A', 'E', 'V', 'K', 'F', 'E', 'G', 'D', 'T', 'L', 'V', 'N', 'R', 'I', 'E', 'L', 'K', 'G', 'I', 'D', 'F', 'K', 'E', 'D', 'G', 'N', 'I', 'L', 'G', 'H', 'K', 'L', 'E', 'Y', 'N', 'Y', 'F', 'S', 'D', 'N', 'V', 'Y', 'I', 'T', 'A', 'D', 'K', 'Q', 'K', 'N', 'G', 'I', 'K', 'A', 'N', 'F', 'K', 'I', 'R', 'H', 'N', 'I', 'E', 'D', 'G', 'G', 'V', 'Q', 'L', 'A', 'D', 'H', 'Y', 'Q', 'Q', 'N', 'T', 'P', 'I', 'G', 'D', 'G', 'P', 'V', 'L', 'L', 'P', 'D', 'N', 'H', 'Y', 'L', 'S', 'T', 'Q', 'S', 'K', 'L', 'S', 'K', 'D', 'P', 'N', 'E', 'K', 'R', 'D', 'H', 'M', 'V', 'L', 'L', 'E', 'F', 'V', 'T', 'A', 'A', 'G', 'I', 'T', 'L', 'G', 'M', 'D', 'E', 'L', 'Y', 'K', 'E', 'G', 'L', 'S', 'K', 'L', 'M', 'V', 'S', 'K', 'G', 'E', 'E', 'D', 'N', 'M', 'A', 'S', 'L', 'P', 'A', 'T', 'H', 'E', 'L', 'H', 'I', 'F', 'G', 'S', 'I', 'N', 'G', 'V', 'D', 'F', 'D', 'M', 'V', 'G', 'Q', 'G', 'T', 'G', 'N', 'P', 'N', 'D', 'G', 'Y', 'E', 'E', 'L', 'N', 'L', 'K', 'S', 'T', 'K', 'G', 'D', 'L', 'Q', 'F', 'S', 'P', 'W', 'I', 'L', 'V', 'P', 'H', 'I', 'G', 'Y', 'G', 'F', 'H', 'Q', 'Y', 'L', 'P', 'Y', 'P', 'D', 'G', 'M', 'S', 'P', 'F', 'Q', 'A', 'A', 'M', 'V', 'D', 'G', 'S', 'G', 'Y', 'Q', 'V', 'H', 'R', 'T', 'M', 'Q', 'F', 'E', 'D', 'G', 'A', 'S', 'L', 'T', 'V', 'N', 'Y', 'R', 'Y', 'T', 'Y', 'E', 'G', 'S', 'H', 'I', 'K', 'G', 'E', 'A', 'Q', 'V', 'K', 'G', 'T', 'G', 'F', 'P', 'A', 'D', 'G', 'P', 'V', 'M', 'T', 'N', 'S', 'L', 'T', 'A', 'A', 'D', 'W', 'C', 'R', 'S', 'K', 'K', 'T', 'Y', 'P', 'N', 'D', 'K', 'T', 'I', 'I', 'S', 'T', 'F', 'K', 'W', 'S', 'Y', 'T', 'T', 'G', 'N', 'G', 'K', 'R', 'Y', 'R', 'S', 'T', 'A', 'R', 'T', 'T', 'Y', 'T', 'F', 'A', 'K', 'P', 'M', 'A', 'A', 'N', 'Y', 'L', 'K', 'N', 'Q', 'P', 'M', 'Y', 'V', 'F', 'R', 'K', 'T', 'E', 'L', 'K', 'H', 'S', 'K', 'T', 'E', 'L', 'N', 'F', 'K', 'E', 'W', 'Q', 'K', 'A', 'F', 'T', 'D']",0.15,,7.4,293.15,3.052264482544966,470
9,GS8,3.37,0.036,"['S', 'K', 'G', 'E', 'E', 'L', 'F', 'T', 'G', 'V', 'V', 'P', 'I', 'L', 'V', 'E', 'L', 'D', 'G', 'D', 'V', 'N', 'G', 'H', 'K', 'F', 'S', 'V', 'S', 'G', 'E', 'G', 'E', 'G', 'D', 'A', 'T', 'Y', 'G', 'K', 'L', 'T', 'L', 'K', 'F', 'I', 'C', 'T', 'T', 'G', 'K', 'L', 'P', 'V', 'P', 'W', 'P', 'T', 'L', 'V', 'T', 'T', 'L', 'S', 'W', 'G', 'V', 'Q', 'C', 'F', 'A', 'R', 'Y', 'P', 'D', 'H', 'M', 'K', 'Q', 'H', 'D', 'F', 'F', 'K', 'S', 'A', 'M', 'P', 'E', 'G', 'Y', 'V', 'Q', 'E', 'R', 'T', 'I', 'F', 'F', 'K', 'D', 'D', 'G', 'N', 'Y', 'K', 'T', 'R', 'A', 'E', 'V', 'K', 'F', 'E', 'G', 'D', 'T', 'L', 'V', 'N', 'R', 'I', 'E', 'L', 'K', 'G', 'I', 'D', 'F', 'K', 'E', 'D', 'G', 'N', 'I', 'L', 'G', 'H', 'K', 'L', 'E', 'Y', 'N', 'Y', 'F', 'S', 'D', 'N', 'V', 'Y', 'I', 'T', 'A', 'D', 'K', 'Q', 'K', 'N', 'G', 'I', 'K', 'A', 'N', 'F', 'K', 'I', 'R', 'H', 'N', 'I', 'E', 'D', 'G', 'G', 'V', 'Q', 'L', 'A', 'D', 'H', 'Y', 'Q', 'Q', 'N', 'T', 'P', 'I', 'G', 'D', 'G', 'P', 'V', 'L', 'L', 'P', 'D', 'N', 'H', 'Y', 'L', 'S', 'T', 'Q', 'S', 'K', 'L', 'S', 'K', 'D', 'P', 'N', 'E', 'K', 'R', 'D', 'H', 'M', 'V', 'L', 'L', 'E', 'F', 'V', 'T', 'A', 'A', 'G', 'I', 'T', 'L', 'G', 'M', 'D', 'E', 'L', 'Y', 'K', 'E', 'G', 'L', 'S', 'G', 'S', 'G', 'S', 'G', 'S', 'G', 'S', 'G', 'S', 'G', 'S', 'G', 'S', 'G', 'S', 'K', 'L', 'M', 'V', 'S', 'K', 'G', 'E', 'E', 'D', 'N', 'M', 'A', 'S', 'L', 'P', 'A', 'T', 'H', 'E', 'L', 'H', 'I', 'F', 'G', 'S', 'I', 'N', 'G', 'V', 'D', 'F', 'D', 'M', 'V', 'G', 'Q', 'G', 'T', 'G', 'N', 'P', 'N', 'D', 'G', 'Y', 'E', 'E', 'L', 'N', 'L', 'K', 'S', 'T', 'K', 'G', 'D', 'L', 'Q', 'F', 'S', 'P', 'W', 'I', 'L', 'V', 'P', 'H', 'I', 'G', 'Y', 'G', 'F', 'H', 'Q', 'Y', 'L', 'P', 'Y', 'P', 'D', 'G', 'M', 'S', 'P', 'F', 'Q', 'A', 'A', 'M', 'V', 'D', 'G', 'S', 'G', 'Y', 'Q', 'V', 'H', 'R', 'T', 'M', 'Q', 'F', 'E', 'D', 'G', 'A', 'S', 'L', 'T', 'V', 'N', 'Y', 'R', 'Y', 'T', 'Y', 'E', 'G', 'S', 'H', 'I', 'K', 'G', 'E', 'A', 'Q', 'V', 'K', 'G', 'T', 'G', 'F', 'P', 'A', 'D', 'G', 'P', 'V', 'M', 'T', 'N', 'S', 'L', 'T', 'A', 'A', 'D', 'W', 'C', 'R', 'S', 'K', 'K', 'T', 'Y', 'P', 'N', 'D', 'K', 'T', 'I', 'I', 'S', 'T', 'F', 'K', 'W', 'S', 'Y', 'T', 'T', 'G', 'N', 'G', 'K', 'R', 'Y', 'R', 'S', 'T', 'A', 'R', 'T', 'T', 'Y', 'T', 'F', 'A', 'K', 'P', 'M', 'A', 'A', 'N', 'Y', 'L', 'K', 'N', 'Q', 'P', 'M', 'Y', 'V', 'F', 'R', 'K', 'T', 'E', 'L', 'K', 'H', 'S', 'K', 'T', 'E', 'L', 'N', 'F', 'K', 'E', 'W', 'Q', 'K', 'A', 'F', 'T', 'D']",0.15,,7.4,293.15,3.233971283740495,486
10,GS16,3.45,0.06,"['S', 'K', 'G', 'E', 'E', 'L', 'F', 'T', 'G', 'V', 'V', 'P', 'I', 'L', 'V', 'E', 'L', 'D', 'G', 'D', 'V', 'N', 'G', 'H', 'K', 'F', 'S', 'V', 'S', 'G', 'E', 'G', 'E', 'G', 'D', 'A', 'T', 'Y', 'G', 'K', 'L', 'T', 'L', 'K', 'F', 'I', 'C', 'T', 'T', 'G', 'K', 'L', 'P', 'V', 'P', 'W', 'P', 'T', 'L', 'V', 'T', 'T', 'L', 'S', 'W', 'G', 'V', 'Q', 'C', 'F', 'A', 'R', 'Y', 'P', 'D', 'H', 'M', 'K', 'Q', 'H', 'D', 'F', 'F', 'K', 'S', 'A', 'M', 'P', 'E', 'G', 'Y', 'V', 'Q', 'E', 'R', 'T', 'I', 'F', 'F', 'K', 'D', 'D', 'G', 'N', 'Y', 'K', 'T', 'R', 'A', 'E', 'V', 'K', 'F', 'E', 'G', 'D', 'T', 'L', 'V', 'N', 'R', 'I', 'E', 'L', 'K', 'G', 'I', 'D', 'F', 'K', 'E', 'D', 'G', 'N', 'I', 'L', 'G', 'H', 'K', 'L', 'E', 'Y', 'N', 'Y', 'F', 'S', 'D', 'N', 'V', 'Y', 'I', 'T', 'A', 'D', 'K', 'Q', 'K', 'N', 'G', 'I', 'K', 'A', 'N', 'F', 'K', 'I', 'R', 'H', 'N', 'I', 'E', 'D', 'G', 'G', 'V', 'Q', 'L', 'A', 'D', 'H', 'Y', 'Q', 'Q', 'N', 'T', 'P', 'I', 'G', 'D', 'G', 'P', 'V', 'L', 'L', 'P', 'D', 'N', 'H', 'Y', 'L', 'S', 'T', 'Q', 'S', 'K', 'L', 'S', 'K', 'D', 'P', 'N', 'E', 'K', 'R', 'D', 'H', 'M', 'V', 'L', 'L', 'E', 'F', 'V', 'T', 'A', 'A', 'G', 'I', 'T', 'L', 'G', 'M', 'D', 'E', 'L', 'Y', 'K', 'E', 'G', 'L', 'S', 'G', 'S', 'G', 'S', 'G', 'S', 'G', 'S', 'G', 'S', 'G', 'S', 'G', 'S', 'G', 'S', 'G', 'S', 'G', 'S', 'G', 'S', 'G', 'S', 'G', 'S', 'G', 'S', 'G', 'S', 'G', 'S', 'K', 'L', 'M', 'V', 'S', 'K', 'G', 'E', 'E', 'D', 'N', 'M', 'A', 'S', 'L', 'P', 'A', 'T', 'H', 'E', 'L', 'H', 'I', 'F', 'G', 'S', 'I', 'N', 'G', 'V', 'D', 'F', 'D', 'M', 'V', 'G', 'Q', 'G', 'T', 'G', 'N', 'P', 'N', 'D', 'G', 'Y', 'E', 'E', 'L', 'N', 'L', 'K', 'S', 'T', 'K', 'G', 'D', 'L', 'Q', 'F', 'S', 'P', 'W', 'I', 'L', 'V', 'P', 'H', 'I', 'G', 'Y', 'G', 'F', 'H', 'Q', 'Y', 'L', 'P', 'Y', 'P', 'D', 'G', 'M', 'S', 'P', 'F', 'Q', 'A', 'A', 'M', 'V', 'D', 'G', 'S', 'G', 'Y', 'Q', 'V', 'H', 'R', 'T', 'M', 'Q', 'F', 'E', 'D', 'G', 'A', 'S', 'L', 'T', 'V', 'N', 'Y', 'R', 'Y', 'T', 'Y', 'E', 'G', 'S', 'H', 'I', 'K', 'G', 'E', 'A', 'Q', 'V', 'K', 'G', 'T', 'G', 'F', 'P', 'A', 'D', 'G', 'P', 'V', 'M', 'T', 'N', 'S', 'L', 'T', 'A', 'A', 'D', 'W', 'C', 'R', 'S', 'K', 'K', 'T', 'Y', 'P', 'N', 'D', 'K', 'T', 'I', 'I', 'S', 'T', 'F', 'K', 'W', 'S', 'Y', 'T', 'T', 'G', 'N', 'G', 'K', 'R', 'Y', 'R', 'S', 'T', 'A', 'R', 'T', 'T', 'Y', 'T', 'F', 'A', 'K', 'P', 'M', 'A', 'A', 'N', 'Y', 'L', 'K', 'N', 'Q', 'P', 'M', 'Y', 'V', 'F', 'R', 'K', 'T', 'E', 'L', 'K', 'H', 'S', 'K', 'T', 'E', 'L', 'N', 'F', 'K', 'E', 'W', 'Q', 'K', 'A', 'F', 'T', 'D']",0.15,,7.4,293.15,3.3337295844975063,502
11,GS24,3.57,0.075,"['S', 'K', 'G', 'E', 'E', 'L', 'F', 'T', 'G', 'V', 'V', 'P', 'I', 'L', 'V', 'E', 'L', 'D', 'G', 'D', 'V', 'N', 'G', 'H', 'K', 'F', 'S', 'V', 'S', 'G', 'E', 'G', 'E', 'G', 'D', 'A', 'T', 'Y', 'G', 'K', 'L', 'T', 'L', 'K', 'F', 'I', 'C', 'T', 'T', 'G', 'K', 'L', 'P', 'V', 'P', 'W', 'P', 'T', 'L', 'V', 'T', 'T', 'L', 'S', 'W', 'G', 'V', 'Q', 'C', 'F', 'A', 'R', 'Y', 'P', 'D', 'H', 'M', 'K', 'Q', 'H', 'D', 'F', 'F', 'K', 'S', 'A', 'M', 'P', 'E', 'G', 'Y', 'V', 'Q', 'E', 'R', 'T', 'I', 'F', 'F', 'K', 'D', 'D', 'G', 'N', 'Y', 'K', 'T', 'R', 'A', 'E', 'V', 'K', 'F', 'E', 'G', 'D', 'T', 'L', 'V', 'N', 'R', 'I', 'E', 'L', 'K', 'G', 'I', 'D', 'F', 'K', 'E', 'D', 'G', 'N', 'I', 'L', 'G', 'H', 'K', 'L', 'E', 'Y', 'N', 'Y', 'F', 'S', 'D', 'N', 'V', 'Y', 'I', 'T', 'A', 'D', 'K', 'Q', 'K', 'N', 'G', 'I', 'K', 'A', 'N', 'F', 'K', 'I', 'R', 'H', 'N', 'I', 'E', 'D', 'G', 'G', 'V', 'Q', 'L', 'A', 'D', 'H', 'Y', 'Q', 'Q', 'N', 'T', 'P', 'I', 'G', 'D', 'G', 'P', 'V', 'L', 'L', 'P', 'D', 'N', 'H', 'Y', 'L', 'S', 'T', 'Q', 'S', 'K', 'L', 'S', 'K', 'D', 'P', 'N', 'E', 'K', 'R', 'D', 'H', 'M', 'V', 'L', 'L', 'E', 'F', 'V', 'T', 'A', 'A', 'G', 'I', 'T', 'L', 'G', 'M', 'D', 'E', 'L', 'Y', 'K', 'E', 'G', 'L', 'S', 'G', 'S', 'G', 'S', 'G', 'S', 'G', 'S', 'G', 'S', 'G', 'S', 'G', 'S', 'G', 'S', 'G', 'S', 'G', 'S', 'G', 'S', 'G', 'S', 'G', 'S', 'G', 'S', 'G', 'S', 'G', 'S', 'G', 'S', 'G', 'S', 'G', 'S', 'G', 'S', 'G', 'S', 'G', 'S', 'G', 'S', 'G', 'S', 'K', 'L', 'M', 'V', 'S', 'K', 'G', 'E', 'E', 'D', 'N', 'M', 'A', 'S', 'L', 'P', 'A', 'T', 'H', 'E', 'L', 'H', 'I', 'F', 'G', 'S', 'I', 'N', 'G', 'V', 'D', 'F', 'D', 'M', 'V', 'G', 'Q', 'G', 'T', 'G', 'N', 'P', 'N', 'D', 'G', 'Y', 'E', 'E', 'L', 'N', 'L', 'K', 'S', 'T', 'K', 'G', 'D', 'L', 'Q', 'F', 'S', 'P', 'W', 'I', 'L', 'V', 'P', 'H', 'I', 'G', 'Y', 'G', 'F', 'H', 'Q', 'Y', 'L', 'P', 'Y', 'P', 'D', 'G', 'M', 'S', 'P', 'F', 'Q', 'A', 'A', 'M', 'V', 'D', 'G', 'S', 'G', 'Y', 'Q', 'V', 'H', 'R', 'T', 'M', 'Q', 'F', 'E', 'D', 'G', 'A', 'S', 'L', 'T', 'V', 'N', 'Y', 'R', 'Y', 'T', 'Y', 'E', 'G', 'S', 'H', 'I', 'K', 'G', 'E', 'A', 'Q', 'V', 'K', 'G', 'T', 'G', 'F', 'P', 'A', 'D', 'G', 'P', 'V', 'M', 'T', 'N', 'S', 'L', 'T', 'A', 'A', 'D', 'W', 'C', 'R', 'S', 'K', 'K', 'T', 'Y', 'P', 'N', 'D', 'K', 'T', 'I', 'I', 'S', 'T', 'F', 'K', 'W', 'S', 'Y', 'T', 'T', 'G', 'N', 'G', 'K', 'R', 'Y', 'R', 'S', 'T', 'A', 'R', 'T', 'T', 'Y', 'T', 'F', 'A', 'K', 'P', 'M', 'A', 'A', 'N', 'Y', 'L', 'K', 'N', 'Q', 'P', 'M', 'Y', 'V', 'F', 'R', 'K', 'T', 'E', 'L', 'K', 'H', 'S', 'K', 'T', 'E', 'L', 'N', 'F', 'K', 'E', 'W', 'Q', 'K', 'A', 'F', 'T', 'D']",0.15,,7.4,293.15,3.574268639359077,518
12,GS32,3.75,0.097,"['S', 'K', 'G', 'E', 'E', 'L', 'F', 'T', 'G', 'V', 'V', 'P', 'I', 'L', 'V', 'E', 'L', 'D', 'G', 'D', 'V', 'N', 'G', 'H', 'K', 'F', 'S', 'V', 'S', 'G', 'E', 'G', 'E', 'G', 'D', 'A', 'T', 'Y', 'G', 'K', 'L', 'T', 'L', 'K', 'F', 'I', 'C', 'T', 'T', 'G', 'K', 'L', 'P', 'V', 'P', 'W', 'P', 'T', 'L', 'V', 'T', 'T', 'L', 'S', 'W', 'G', 'V', 'Q', 'C', 'F', 'A', 'R', 'Y', 'P', 'D', 'H', 'M', 'K', 'Q', 'H', 'D', 'F', 'F', 'K', 'S', 'A', 'M', 'P', 'E', 'G', 'Y', 'V', 'Q', 'E', 'R', 'T', 'I', 'F', 'F', 'K', 'D', 'D', 'G', 'N', 'Y', 'K', 'T', 'R', 'A', 'E', 'V', 'K', 'F', 'E', 'G', 'D', 'T', 'L', 'V', 'N', 'R', 'I', 'E', 'L', 'K', 'G', 'I', 'D', 'F', 'K', 'E', 'D', 'G', 'N', 'I', 'L', 'G', 'H', 'K', 'L', 'E', 'Y', 'N', 'Y', 'F', 'S', 'D', 'N', 'V', 'Y', 'I', 'T', 'A', 'D', 'K', 'Q', 'K', 'N', 'G', 'I', 'K', 'A', 'N', 'F', 'K', 'I', 'R', 'H', 'N', 'I', 'E', 'D', 'G', 'G', 'V', 'Q', 'L', 'A', 'D', 'H', 'Y', 'Q', 'Q', 'N', 'T', 'P', 'I', 'G', 'D', 'G', 'P', 'V', 'L', 'L', 'P', 'D', 'N', 'H', 'Y', 'L', 'S', 'T', 'Q', 'S', 'K', 'L', 'S', 'K', 'D', 'P', 'N', 'E', 'K', 'R', 'D', 'H', 'M', 'V', 'L', 'L', 'E', 'F', 'V', 'T', 'A', 'A', 'G', 'I', 'T', 'L', 'G', 'M', 'D', 'E', 'L', 'Y', 'K', 'E', 'G', 'L', 'S', 'G', 'S', 'G', 'S', 'G', 'S', 'G', 'S', 'G', 'S', 'G', 'S', 'G', 'S', 'G', 'S', 'G', 'S', 'G', 'S', 'G', 'S', 'G', 'S', 'G', 'S', 'G', 'S', 'G', 'S', 'G', 'S', 'G', 'S', 'G', 'S', 'G', 'S', 'G', 'S', 'G', 'S', 'G', 'S', 'G', 'S', 'G', 'S', 'G', 'S', 'G', 'S', 'G', 'S', 'G', 'S', 'G', 'S', 'G', 'S', 'G', 'S', 'G', 'S', 'K', 'L', 'M', 'V', 'S', 'K', 'G', 'E', 'E', 'D', 'N', 'M', 'A', 'S', 'L', 'P', 'A', 'T', 'H', 'E', 'L', 'H', 'I', 'F', 'G', 'S', 'I', 'N', 'G', 'V', 'D', 'F', 'D', 'M', 'V', 'G', 'Q', 'G', 'T', 'G', 'N', 'P', 'N', 'D', 'G', 'Y', 'E', 'E', 'L', 'N', 'L', 'K', 'S', 'T', 'K', 'G', 'D', 'L', 'Q', 'F', 'S', 'P', 'W', 'I', 'L', 'V', 'P', 'H', 'I', 'G', 'Y', 'G', 'F', 'H', 'Q', 'Y', 'L', 'P', 'Y', 'P', 'D', 'G', 'M', 'S', 'P', 'F', 'Q', 'A', 'A', 'M', 'V', 'D', 'G', 'S', 'G', 'Y', 'Q', 'V', 'H', 'R', 'T', 'M', 'Q', 'F', 'E', 'D', 'G', 'A', 'S', 'L', 'T', 'V', 'N', 'Y', 'R', 'Y', 'T', 'Y', 'E', 'G', 'S', 'H', 'I', 'K', 'G', 'E', 'A', 'Q', 'V', 'K', 'G', 'T', 'G', 'F', 'P', 'A', 'D', 'G', 'P', 'V', 'M', 'T', 'N', 'S', 'L', 'T', 'A', 'A', 'D', 'W', 'C', 'R', 'S', 'K', 'K', 'T', 'Y', 'P', 'N', 'D', 'K', 'T', 'I', 'I', 'S', 'T', 'F', 'K', 'W', 'S', 'Y', 'T', 'T', 'G', 'N', 'G', 'K', 'R', 'Y', 'R', 'S', 'T', 'A', 'R', 'T', 'T', 'Y', 'T', 'F', 'A', 'K', 'P', 'M', 'A', 'A', 'N', 'Y', 'L', 'K', 'N', 'Q', 'P', 'M', 'Y', 'V', 'F', 'R', 'K', 'T', 'E', 'L', 'K', 'H', 'S', 'K', 'T', 'E', 'L', 'N', 'F', 'K', 'E', 'W', 'Q', 'K', 'A', 'F', 'T', 'D']",0.15,,7.4,293.15,3.678368290897052,534
13,GS48,4.11,0.21,"['S', 'K', 'G', 'E', 'E', 'L', 'F', 'T', 'G', 'V', 'V', 'P', 'I', 'L', 'V', 'E', 'L', 'D', 'G', 'D', 'V', 'N', 'G', 'H', 'K', 'F', 'S', 'V', 'S', 'G', 'E', 'G', 'E', 'G', 'D', 'A', 'T', 'Y', 'G', 'K', 'L', 'T', 'L', 'K', 'F', 'I', 'C', 'T', 'T', 'G', 'K', 'L', 'P', 'V', 'P', 'W', 'P', 'T', 'L', 'V', 'T', 'T', 'L', 'S', 'W', 'G', 'V', 'Q', 'C', 'F', 'A', 'R', 'Y', 'P', 'D', 'H', 'M', 'K', 'Q', 'H', 'D', 'F', 'F', 'K', 'S', 'A', 'M', 'P', 'E', 'G', 'Y', 'V', 'Q', 'E', 'R', 'T', 'I', 'F', 'F', 'K', 'D', 'D', 'G', 'N', 'Y', 'K', 'T', 'R', 'A', 'E', 'V', 'K', 'F', 'E', 'G', 'D', 'T', 'L', 'V', 'N', 'R', 'I', 'E', 'L', 'K', 'G', 'I', 'D', 'F', 'K', 'E', 'D', 'G', 'N', 'I', 'L', 'G', 'H', 'K', 'L', 'E', 'Y', 'N', 'Y', 'F', 'S', 'D', 'N', 'V', 'Y', 'I', 'T', 'A', 'D', 'K', 'Q', 'K', 'N', 'G', 'I', 'K', 'A', 'N', 'F', 'K', 'I', 'R', 'H', 'N', 'I', 'E', 'D', 'G', 'G', 'V', 'Q', 'L', 'A', 'D', 'H', 'Y', 'Q', 'Q', 'N', 'T', 'P', 'I', 'G', 'D', 'G', 'P', 'V', 'L', 'L', 'P', 'D', 'N', 'H', 'Y', 'L', 'S', 'T', 'Q', 'S', 'K', 'L', 'S', 'K', 'D', 'P', 'N', 'E', 'K', 'R', 'D', 'H', 'M', 'V', 'L', 'L', 'E', 'F', 'V', 'T', 'A', 'A', 'G', 'I', 'T', 'L', 'G', 'M', 'D', 'E', 'L', 'Y', 'K', 'E', 'G', 'L', 'S', 'G', 'S', 'G', 'S', 'G', 'S', 'G', 'S', 'G', 'S', 'G', 'S', 'G', 'S', 'G', 'S', 'G', 'S', 'G', 'S', 'G', 'S', 'G', 'S', 'G', 'S', 'G', 'S', 'G', 'S', 'G', 'S', 'G', 'S', 'G', 'S', 'G', 'S', 'G', 'S', 'G', 'S', 'G', 'S', 'G', 'S', 'G', 'S', 'G', 'S', 'G', 'S', 'G', 'S', 'G', 'S', 'G', 'S', 'G', 'S', 'G', 'S', 'G', 'S', 'G', 'S', 'G', 'S', 'G', 'S', 'G', 'S', 'G', 'S', 'G', 'S', 'G', 'S', 'G', 'S', 'G', 'S', 'G', 'S', 'G', 'S', 'G', 'S', 'G', 'S', 'G', 'S', 'G', 'S', 'G', 'S', 'K', 'L', 'M', 'V', 'S', 'K', 'G', 'E', 'E', 'D', 'N', 'M', 'A', 'S', 'L', 'P', 'A', 'T', 'H', 'E', 'L', 'H', 'I', 'F', 'G', 'S', 'I', 'N', 'G', 'V', 'D', 'F', 'D', 'M', 'V', 'G', 'Q', 'G', 'T', 'G', 'N', 'P', 'N', 'D', 'G', 'Y', 'E', 'E', 'L', 'N', 'L', 'K', 'S', 'T', 'K', 'G', 'D', 'L', 'Q', 'F', 'S', 'P', 'W', 'I', 'L', 'V', 'P', 'H', 'I', 'G', 'Y', 'G', 'F', 'H', 'Q', 'Y', 'L', 'P', 'Y', 'P', 'D', 'G', 'M', 'S', 'P', 'F', 'Q', 'A', 'A', 'M', 'V', 'D', 'G', 'S', 'G', 'Y', 'Q', 'V', 'H', 'R', 'T', 'M', 'Q', 'F', 'E', 'D', 'G', 'A', 'S', 'L', 'T', 'V', 'N', 'Y', 'R', 'Y', 'T', 'Y', 'E', 'G', 'S', 'H', 'I', 'K', 'G', 'E', 'A', 'Q', 'V', 'K', 'G', 'T', 'G', 'F', 'P', 'A', 'D', 'G', 'P', 'V', 'M', 'T', 'N', 'S', 'L', 'T', 'A', 'A', 'D', 'W', 'C', 'R', 'S', 'K', 'K', 'T', 'Y', 'P', 'N', 'D', 'K', 'T', 'I', 'I', 'S', 'T', 'F', 'K', 'W', 'S', 'Y', 'T', 'T', 'G', 'N', 'G', 'K', 'R', 'Y', 'R', 'S', 'T', 'A', 'R', 'T', 'T', 'Y', 'T', 'F', 'A', 'K', 'P', 'M', 'A', 'A', 'N', 'Y', 'L', 'K', 'N', 'Q', 'P', 'M', 'Y', 'V', 'F', 'R', 'K', 'T', 'E', 'L', 'K', 'H', 'S', 'K', 'T', 'E', 'L', 'N', 'F', 'K', 'E', 'W', 'Q', 'K', 'A', 'F', 'T', 'D']",0.15,,7.4,293.15,3.9781223641407375,566
14,H46,4.15,0.05,"['M', 'A', 'T', 'L', 'E', 'K', 'L', 'M', 'K', 'A', 'F', 'E', 'S', 'L', 'K', 'S', 'F', 'Q', 'Q', 'Q', 'Q', 'Q', 'Q', 'Q', 'Q', 'Q', 'Q', 'Q', 'Q', 'Q', 'Q', 'Q', 'Q', 'Q', 'Q', 'Q', 'Q', 'Q', 'Q', 'Q', 'Q', 'Q', 'Q', 'Q', 'Q', 'Q', 'Q', 'Q', 'Q', 'Q', 'Q', 'Q', 'Q', 'Q', 'Q', 'Q', 'Q', 'Q', 'Q', 'Q', 'Q', 'Q', 'Q', 'P', 'P', 'P', 'P', 'P', 'P', 'P', 'P', 'P', 'P', 'P', 'Q', 'L', 'P', 'Q', 'P', 'P', 'P', 'Q', 'A', 'Q', 'P', 'L', 'L', 'P', 'Q', 'P', 'Q', 'P', 'P', 'P', 'P', 'P', 'P', 'P', 'P', 'P', 'P', 'G', 'P', 'A', 'V', 'A', 'E', 'E', 'P', 'L', 'H', 'R', 'P', 'E', 'A', 'S', 'L', 'E', 'V', 'L', 'F', 'Q', 'G', 'P', 'G', 'S', 'H', 'M', 'A', 'S', 'K', 'G', 'E', 'E', 'L', 'F', 'T', 'G', 'V', 'V', 'P', 'I', 'L', 'V', 'E', 'L', 'D', 'G', 'D', 'V', 'N', 'G', 'H', 'K', 'F', 'S', 'V', 'R', 'G', 'E', 'G', 'E', 'G', 'D', 'A', 'T', 'N', 'G', 'K', 'L', 'T', 'L', 'K', 'F', 'I', 'C', 'T', 'T', 'G', 'K', 'L', 'P', 'V', 'P', 'W', 'P', 'T', 'L', 'V', 'T', 'T', 'L', 'T', 'Y', 'G', 'V', 'Q', 'C', 'F', 'S', 'R', 'Y', 'P', 'D', 'H', 'M', 'K', 'R', 'H', 'D', 'F', 'F', 'K', 'S', 'A', 'M', 'P', 'E', 'G', 'Y', 'V', 'Q', 'E', 'R', 'T', 'I', 'S', 'F', 'K', 'D', 'D', 'G', 'T', 'Y', 'K', 'T', 'R', 'A', 'E', 'V', 'K', 'F', 'E', 'G', 'D', 'T', 'L', 'V', 'N', 'R', 'I', 'E', 'L', 'K', 'G', 'I', 'D', 'F', 'K', 'E', 'D', 'G', 'N', 'I', 'L', 'G', 'H', 'K', 'L', 'E', 'Y', 'N', 'F', 'N', 'S', 'H', 'N', 'V', 'Y', 'I', 'T', 'A', 'D', 'K', 'Q', 'K', 'N', 'G', 'I', 'K', 'A', 'N', 'F', 'K', 'I', 'R', 'H', 'N', 'V', 'E', 'D', 'G', 'S', 'V', 'Q', 'L', 'A', 'D', 'H', 'Y', 'Q', 'Q', 'N', 'T', 'P', 'I', 'G', 'D', 'G', 'P', 'V', 'L', 'L', 'P', 'D', 'N', 'H', 'Y', 'L', 'S', 'T', 'Q', 'S', 'V', 'L', 'S', 'K', 'D', 'P', 'N', 'E', 'K', 'R', 'D', 'H', 'M', 'V', 'L', 'L', 'E', 'F', 'V', 'T', 'A', 'A', 'G', 'I', 'T', 'H', 'G', 'M', 'D', 'E', 'L', 'Y', 'K', 'L', 'E', 'R', 'A', 'P', 'G', 'G', 'G', 'S', 'H', 'H', 'H', 'H', 'H', 'H']",0.163,,6.5,283.0,4.030589831720283,381
15,TDP43W2A,4.11,0.04,"['G', 'M', 'S', 'E', 'Y', 'I', 'R', 'V', 'T', 'E', 'D', 'E', 'N', 'D', 'E', 'P', 'I', 'E', 'I', 'P', 'S', 'E', 'D', 'D', 'G', 'T', 'V', 'L', 'L', 'S', 'T', 'V', 'T', 'A', 'Q', 'F', 'P', 'G', 'A', 'C', 'G', 'L', 'R', 'Y', 'R', 'N', 'P', 'V', 'S', 'Q', 'C', 'M', 'R', 'G', 'V', 'R', 'L', 'V', 'E', 'G', 'I', 'L', 'H', 'A', 'P', 'D', 'A', 'G', 'A', 'G', 'N', 'L', 'V', 'Y', 'V', 'V', 'N', 'Y', 'P', 'K', 'D', 'N', 'K', 'R', 'K', 'M', 'D', 'E', 'T', 'D', 'A', 'S', 'S', 'A', 'V', 'K', 'V', 'K', 'R', 'A', 'V', 'Q', 'K', 'T', 'S', 'D', 'L', 'I', 'V', 'L', 'G', 'L', 'P', 'A', 'K', 'T', 'T', 'E', 'Q', 'D', 'L', 'K', 'E', 'Y', 'F', 'S', 'T', 'F', 'G', 'E', 'V', 'L', 'M', 'V', 'Q', 'V', 'K', 'K', 'D', 'L', 'K', 'T', 'G', 'H', 'S', 'K', 'G', 'F', 'G', 'F', 'V', 'R', 'F', 'T', 'E', 'Y', 'E', 'T', 'Q', 'V', 'K', 'V', 'M', 'S', 'Q', 'R', 'H', 'M', 'I', 'D', 'G', 'R', 'A', 'C', 'D', 'C', 'K', 'L', 'P', 'N', 'S', 'K', 'Q', 'S', 'Q', 'D', 'E', 'P', 'L', 'R', 'S', 'R', 'K', 'V', 'F', 'V', 'G', 'R', 'C', 'T', 'E', 'D', 'M', 'T', 'E', 'D', 'E', 'L', 'R', 'E', 'F', 'F', 'S', 'Q', 'Y', 'G', 'D', 'V', 'M', 'D', 'V', 'F', 'I', 'P', 'K', 'P', 'F', 'R', 'A', 'F', 'A', 'F', 'V', 'T', 'F', 'A', 'D', 'D', 'Q', 'I', 'A', 'Q', 'S', 'L', 'C', 'G', 'E', 'D', 'L', 'I', 'I', 'K', 'G', 'I', 'S', 'V', 'H', 'I', 'S', 'N', 'A', 'E', 'P', 'K', 'H', 'N', 'S', 'N', 'R', 'Q', 'L', 'E', 'R', 'S', 'G', 'R', 'F', 'G', 'G', 'N', 'P', 'G', 'G', 'F', 'G', 'N', 'Q', 'G', 'G', 'F', 'G', 'N', 'S', 'R', 'G', 'G', 'G', 'A', 'G', 'L', 'G', 'N', 'N', 'Q', 'G', 'S', 'N', 'M', 'G', 'G', 'G', 'M', 'N', 'F', 'G', 'A', 'F', 'S', 'I', 'N', 'P', 'A', 'M', 'M', 'A', 'A', 'A', 'Q', 'A', 'A', 'L', 'Q', 'S', 'S', 'A', 'G', 'M', 'M', 'G', 'M', 'L', 'A', 'S', 'Q', 'Q', 'N', 'Q', 'S', 'G', 'P', 'S', 'G', 'N', 'N', 'Q', 'N', 'Q', 'G', 'N', 'M', 'Q', 'R', 'E', 'P', 'N', 'Q', 'A', 'F', 'G', 'S', 'G', 'N', 'N', 'S', 'Y', 'S', 'G', 'S', 'N', 'S', 'G', 'A', 'A', 'I', 'G', 'A', 'G', 'S', 'A', 'S', 'N', 'A', 'G', 'S', 'G', 'S', 'G', 'F', 'N', 'G', 'G', 'F', 'G', 'S', 'S', 'M', 'D', 'S', 'K', 'S', 'S', 'G', 'A', 'G', 'M']",0.312,,8.0,293.15,4.178454049227391,415
16,PCPE,4.04,0.11,"['Q', 'T', 'P', 'N', 'Y', 'T', 'R', 'P', 'V', 'F', 'L', 'C', 'G', 'G', 'D', 'V', 'K', 'G', 'E', 'S', 'G', 'Y', 'V', 'A', 'S', 'E', 'G', 'F', 'P', 'N', 'L', 'Y', 'P', 'P', 'N', 'K', 'E', 'C', 'I', 'W', 'T', 'I', 'T', 'V', 'P', 'E', 'G', 'Q', 'T', 'V', 'S', 'L', 'S', 'F', 'R', 'V', 'F', 'D', 'L', 'E', 'L', 'H', 'P', 'A', 'C', 'R', 'Y', 'D', 'A', 'L', 'E', 'V', 'F', 'A', 'G', 'S', 'G', 'T', 'S', 'G', 'Q', 'R', 'L', 'G', 'R', 'F', 'C', 'G', 'T', 'F', 'R', 'P', 'A', 'P', 'L', 'V', 'A', 'P', 'G', 'N', 'Q', 'V', 'T', 'L', 'R', 'M', 'T', 'T', 'D', 'E', 'G', 'T', 'G', 'G', 'R', 'G', 'F', 'L', 'L', 'W', 'Y', 'S', 'G', 'R', 'A', 'T', 'S', 'G', 'T', 'E', 'H', 'Q', 'F', 'C', 'G', 'G', 'R', 'L', 'E', 'K', 'A', 'Q', 'G', 'T', 'L', 'T', 'T', 'P', 'N', 'W', 'P', 'E', 'S', 'D', 'Y', 'P', 'P', 'G', 'I', 'S', 'C', 'S', 'W', 'H', 'I', 'I', 'A', 'P', 'P', 'D', 'Q', 'V', 'I', 'A', 'L', 'T', 'F', 'E', 'K', 'F', 'D', 'L', 'E', 'P', 'D', 'T', 'Y', 'C', 'R', 'Y', 'D', 'S', 'V', 'S', 'V', 'F', 'N', 'G', 'A', 'V', 'S', 'D', 'D', 'S', 'R', 'R', 'L', 'G', 'K', 'F', 'C', 'G', 'D', 'A', 'V', 'P', 'G', 'S', 'I', 'S', 'S', 'E', 'G', 'N', 'E', 'L', 'L', 'V', 'Q', 'F', 'V', 'S', 'D', 'L', 'S', 'V', 'T', 'A', 'D', 'G', 'F', 'S', 'A', 'S', 'Y', 'K', 'T', 'L', 'P', 'R', 'G', 'T', 'A', 'K', 'E', 'G', 'Q', 'G', 'P', 'G', 'P', 'K', 'R', 'G', 'T', 'E', 'P', 'K', 'V', 'K', 'L', 'P', 'P', 'K', 'S', 'Q', 'P', 'P', 'E', 'K', 'T', 'E', 'E', 'S', 'P', 'S', 'A', 'P', 'D', 'A', 'P', 'T', 'C', 'P', 'K', 'Q', 'C', 'R', 'R', 'T', 'G', 'T', 'L', 'Q', 'S', 'N', 'F', 'C', 'A', 'S', 'S', 'L', 'V', 'V', 'T', 'A', 'T', 'V', 'K', 'S', 'M', 'V', 'R', 'E', 'P', 'G', 'E', 'G', 'L', 'A', 'V', 'T', 'V', 'S', 'L', 'I', 'G', 'A', 'Y', 'K', 'T', 'G', 'G', 'L', 'D', 'L', 'P', 'S', 'P', 'P', 'T', 'G', 'A', 'S', 'L', 'K', 'F', 'Y', 'V', 'P', 'C', 'K', 'Q', 'C', 'P', 'P', 'M', 'K', 'K', 'G', 'V', 'S', 'Y', 'L', 'L', 'M', 'G', 'Q', 'V', 'E', 'E', 'N', 'R', 'G', 'P', 'V', 'L', 'P', 'P', 'E', 'S', 'F', 'V', 'V', 'L', 'H', 'R', 'P', 'N', 'Q', 'D', 'Q', 'I', 'L', 'T', 'N', 'L', 'S', 'K', 'R', 'K', 'C', 'P', 'S', 'Q', 'P', 'V', 'R', 'A', 'A', 'A', 'S', 'Q', 'D']",0.506,,7.4,293.15,3.768496240343575,424
17,D14,3.9,0.17,"['M', 'H', 'H', 'H', 'H', 'H', 'H', 'S', 'S', 'G', 'V', 'D', 'L', 'G', 'T', 'E', 'N', 'L', 'Y', 'F', 'Q', 'S', 'M', 'M', 'T', 'S', 'T', 'F', 'N', 'P', 'R', 'E', 'C', 'K', 'L', 'S', 'K', 'Q', 'E', 'G', 'Q', 'N', 'Y', 'G', 'F', 'F', 'L', 'R', 'I', 'E', 'K', 'D', 'T', 'E', 'G', 'H', 'L', 'V', 'R', 'V', 'V', 'E', 'K', 'C', 'S', 'P', 'A', 'E', 'K', 'A', 'G', 'L', 'Q', 'D', 'G', 'D', 'R', 'V', 'L', 'R', 'I', 'N', 'G', 'V', 'F', 'V', 'D', 'K', 'E', 'E', 'H', 'M', 'Q', 'V', 'V', 'D', 'L', 'V', 'R', 'K', 'S', 'G', 'N', 'S', 'V', 'T', 'L', 'L', 'V', 'L', 'D', 'G', 'D', 'S', 'Y', 'E', 'K', 'A', 'V', 'K', 'T', 'R', 'V', 'D', 'L', 'K', 'E', 'L', 'G', 'Q', 'S', 'Q', 'K', 'E', 'Q', 'G', 'L', 'S', 'D', 'N', 'I', 'L', 'S', 'P', 'V', 'M', 'N', 'G', 'G', 'V', 'Q', 'T', 'W', 'T', 'Q', 'P', 'R', 'L', 'C', 'Y', 'L', 'V', 'K', 'E', 'G', 'G', 'S', 'Y', 'G', 'F', 'S', 'L', 'K', 'T', 'V', 'Q', 'G', 'K', 'K', 'G', 'V', 'Y', 'M', 'T', 'D', 'I', 'T', 'P', 'Q', 'G', 'V', 'A', 'M', 'R', 'A', 'G', 'V', 'L', 'A', 'D', 'D', 'H', 'L', 'I', 'E', 'V', 'N', 'G', 'E', 'N', 'V', 'E', 'D', 'A', 'S', 'H', 'E', 'E', 'V', 'V', 'E', 'K', 'V', 'K', 'K', 'S', 'G', 'S', 'R', 'V', 'M', 'F', 'L', 'L', 'V', 'D', 'K', 'E', 'T', 'D', 'K', 'R', 'H', 'V', 'E', 'Q', 'K', 'I', 'Q', 'F', 'K', 'R', 'E', 'T', 'A', 'S', 'L', 'K', 'L', 'L', 'P', 'H', 'Q', 'P', 'R', 'I', 'V', 'E', 'M', 'K', 'K', 'G', 'S', 'N', 'G', 'Y', 'G', 'F', 'Y', 'L', 'R', 'A', 'G', 'S', 'E', 'Q', 'K', 'G', 'Q', 'I', 'I', 'K', 'D', 'I', 'D', 'S', 'G', 'S', 'P', 'A', 'E', 'E', 'A', 'G', 'L', 'K', 'N', 'N', 'D', 'L', 'V', 'V', 'A', 'V', 'N', 'G', 'E', 'S', 'V', 'E', 'T', 'L', 'D', 'H', 'D', 'S', 'V', 'V', 'E', 'M', 'I', 'R', 'K', 'G', 'G', 'D', 'Q', 'T', 'S', 'L', 'L', 'V', 'V', 'D', 'K', 'E', 'T', 'D', 'N', 'M', 'Y', 'R', 'L', 'A', 'H', 'F', 'S', 'P', 'F', 'L', 'Y', 'Y', 'Q', 'S', 'Q', 'E', 'L', 'P', 'N', 'G', 'S', 'V', 'K', 'E', 'A', 'P', 'A', 'P', 'T', 'P', 'T', 'S', 'L', 'E', 'V', 'S', 'S', 'P', 'P', 'D', 'T', 'T', 'E', 'E', 'V', 'D', 'H', 'K', 'P', 'K', 'L', 'C', 'R', 'L', 'A', 'K', 'G', 'E', 'N', 'G', 'Y', 'G', 'F', 'H', 'L', 'N', 'A', 'I', 'R', 'G', 'L', 'P', 'G', 'S', 'F', 'I', 'K', 'E', 'V', 'Q', 'K', 'G', 'G', 'P', 'A', 'D', 'L', 'A', 'G', 'L', 'E', 'D', 'E', 'D', 'V', 'I', 'I', 'E', 'V', 'N', 'G', 'V', 'N', 'V', 'L', 'D', 'E', 'P', 'Y', 'E', 'K', 'V', 'V', 'D', 'R', 'I', 'Q', 'S', 'S', 'G', 'K', 'N', 'V', 'T', 'L', 'L', 'V', 'C', 'G', 'K', 'K', 'A', 'Y']",0.156,,7.5,283.15,4.43210573262884,483
18,S4FL,4.7,0.1,"['M', 'D', 'N', 'M', 'S', 'I', 'T', 'N', 'T', 'P', 'T', 'S', 'N', 'D', 'A', 'C', 'L', 'S', 'I', 'V', 'H', 'S', 'L', 'M', 'C', 'H', 'R', 'Q', 'G', 'G', 'E', 'S', 'E', 'T', 'F', 'A', 'K', 'R', 'A', 'I', 'E', 'S', 'L', 'V', 'K', 'K', 'L', 'K', 'E', 'K', 'K', 'D', 'E', 'L', 'D', 'S', 'L', 'I', 'T', 'A', 'I', 'T', 'T', 'N', 'G', 'A', 'H', 'P', 'S', 'K', 'C', 'V', 'T', 'I', 'Q', 'R', 'T', 'L', 'D', 'G', 'R', 'L', 'Q', 'V', 'A', 'G', 'R', 'K', 'G', 'F', 'P', 'H', 'V', 'I', 'Y', 'A', 'R', 'L', 'W', 'R', 'W', 'P', 'D', 'L', 'H', 'K', 'N', 'E', 'L', 'K', 'H', 'V', 'K', 'Y', 'C', 'Q', 'Y', 'A', 'F', 'D', 'L', 'K', 'C', 'D', 'S', 'V', 'C', 'V', 'N', 'P', 'Y', 'H', 'Y', 'E', 'R', 'V', 'V', 'S', 'P', 'G', 'I', 'D', 'L', 'S', 'G', 'L', 'T', 'L', 'Q', 'S', 'N', 'A', 'P', 'S', 'S', 'M', 'M', 'V', 'K', 'D', 'E', 'Y', 'V', 'H', 'D', 'F', 'E', 'G', 'Q', 'P', 'S', 'L', 'S', 'T', 'E', 'G', 'H', 'S', 'I', 'Q', 'T', 'I', 'Q', 'H', 'P', 'P', 'S', 'N', 'R', 'A', 'S', 'T', 'E', 'T', 'Y', 'S', 'T', 'P', 'A', 'L', 'L', 'A', 'P', 'S', 'E', 'S', 'N', 'A', 'T', 'S', 'T', 'A', 'N', 'F', 'P', 'N', 'I', 'P', 'V', 'A', 'S', 'T', 'S', 'Q', 'P', 'A', 'S', 'I', 'L', 'G', 'G', 'S', 'H', 'S', 'E', 'G', 'L', 'L', 'Q', 'I', 'A', 'S', 'G', 'P', 'Q', 'P', 'G', 'Q', 'Q', 'Q', 'N', 'G', 'F', 'T', 'G', 'Q', 'P', 'A', 'T', 'Y', 'H', 'H', 'N', 'S', 'T', 'T', 'T', 'W', 'T', 'G', 'S', 'R', 'T', 'A', 'P', 'Y', 'T', 'P', 'N', 'L', 'P', 'H', 'H', 'Q', 'N', 'G', 'H', 'L', 'Q', 'H', 'H', 'P', 'P', 'M', 'P', 'P', 'H', 'P', 'G', 'H', 'Y', 'W', 'P', 'V', 'H', 'N', 'E', 'L', 'A', 'F', 'Q', 'P', 'P', 'I', 'S', 'N', 'H', 'P', 'A', 'P', 'E', 'Y', 'W', 'C', 'S', 'I', 'A', 'Y', 'F', 'E', 'M', 'D', 'V', 'Q', 'V', 'G', 'E', 'T', 'F', 'K', 'V', 'P', 'S', 'S', 'C', 'P', 'I', 'V', 'T', 'V', 'D', 'G', 'Y', 'V', 'D', 'P', 'S', 'G', 'G', 'D', 'R', 'F', 'C', 'L', 'G', 'Q', 'L', 'S', 'N', 'V', 'H', 'R', 'T', 'E', 'A', 'I', 'E', 'R', 'A', 'R', 'L', 'H', 'I', 'G', 'K', 'G', 'V', 'Q', 'L', 'E', 'C', 'K', 'G', 'E', 'G', 'D', 'V', 'W', 'V', 'R', 'C', 'L', 'S', 'D', 'H', 'A', 'V', 'F', 'V', 'Q', 'S', 'Y', 'Y', 'L', 'D', 'R', 'E', 'A', 'G', 'R', 'A', 'P', 'G', 'D', 'A', 'V', 'H', 'K', 'I', 'Y', 'P', 'S', 'A', 'Y', 'I', 'K', 'V', 'F', 'D', 'L', 'R', 'Q', 'C', 'H', 'R', 'Q', 'M', 'Q', 'Q', 'Q', 'A', 'A', 'T', 'A', 'Q', 'A', 'A', 'A', 'A', 'A', 'Q', 'A', 'A', 'A', 'V', 'A', 'G', 'N', 'I', 'P', 'G', 'P', 'G', 'S', 'V', 'G', 'G', 'I', 'A', 'P', 'A', 'I', 'S', 'L', 'S', 'A', 'A', 'A', 'G', 'I', 'G', 'V', 'D', 'D', 'L', 'R', 'R', 'L', 'C', 'I', 'L', 'R', 'M', 'S', 'F', 'V', 'K', 'G', 'W', 'G', 'P', 'D', 'Y', 'P', 'R', 'Q', 'S', 'I', 'K', 'E', 'T', 'P', 'C', 'W', 'I', 'E', 'I', 'H', 'L', 'H', 'R', 'A', 'L', 'Q', 'L', 'L', 'D', 'E', 'V', 'L', 'H', 'T', 'M', 'P', 'I', 'A', 'D', 'P', 'Q', 'P', 'L', 'D']",0.169,,7.2,283.15,4.945048051497443,552
19,ChiAM,4.73,0.077,"['M', 'G', 'S', 'V', 'V', 'P', 'G', 'T', 'V', 'S', 'I', 'S', 'G', 'S', 'V', 'K', 'N', 'G', 'S', 'A', 'L', 'V', 'T', 'D', 'V', 'T', 'V', 'E', 'L', 'R', 'N', 'A', 'S', 'N', 'A', 'V', 'I', 'Q', 'T', 'V', 'V', 'S', 'A', 'N', 'G', 'N', 'F', 'A', 'F', 'N', 'N', 'L', 'T', 'S', 'G', 'Q', 'N', 'Y', 'S', 'L', 'T', 'A', 'L', 'K', 'A', 'T', 'Y', 'T', 'F', 'T', 'P', 'V', 'T', 'L', 'V', 'N', 'V', 'T', 'V', 'N', 'Q', 'T', 'A', 'V', 'V', 'I', 'N', 'G', 'T', 'Q', 'P', 'T', 'Y', 'T', 'V', 'S', 'G', 'T', 'V', 'L', 'D', 'G', 'S', 'T', 'P', 'V', 'S', 'G', 'V', 'T', 'V', 'T', 'A', 'V', 'S', 'G', 'S', 'T', 'T', 'L', 'T', 'A', 'V', 'S', 'N', 'A', 'S', 'G', 'V', 'Y', 'S', 'I', 'A', 'G', 'L', 'T', 'A', 'G', 'L', 'N', 'F', 'T', 'V', 'T', 'A', 'A', 'K', 'S', 'G', 'F', 'S', 'Y', 'A', 'P', 'A', 'S', 'T', 'V', 'Y', 'N', 'A', 'I', 'D', 'S', 'N', 'K', 'T', 'L', 'N', 'F', 'T', 'Q', 'G', 'A', 'P', 'V', 'V', 'N', 'Y', 'T', 'V', 'S', 'G', 'T', 'V', 'L', 'N', 'S', 'T', 'T', 'P', 'V', 'S', 'G', 'V', 'T', 'V', 'T', 'A', 'S', 'F', 'T', 'G', 'G', 'S', 'Y', 'A', 'A', 'V', 'T', 'N', 'A', 'S', 'G', 'T', 'Y', 'S', 'L', 'S', 'L', 'P', 'S', 'G', 'G', 'N', 'Y', 'T', 'V', 'T', 'A', 'A', 'L', 'T', 'G', 'Q', 'T', 'F', 'T', 'P', 'A', 'S', 'T', 'V', 'Y', 'S', 'N', 'L', 'N', 'A', 'N', 'K', 'T', 'L', 'N', 'F', 'T', 'Q', 'D', 'V', 'V', 'V', 'S', 'T', 'S', 'K', 'I', 'S', 'G', 'T', 'V', 'K', 'N', 'G', 'T', 'N', 'P', 'V', 'A', 'G', 'A', 'K', 'V', 'E', 'L', 'V', 'L', 'P', 'W', 'T', 'D', 'N', 'T', 'H', 'N', 'W', 'K', 'S', 'V', 'I', 'A', 'T', 'T', 'D', 'A', 'Q', 'G', 'K', 'Y', 'S', 'F', 'D', 'N', 'S', 'V', 'V', 'D', 'G', 'Y', 'T', 'Q', 'V', 'L', 'S', 'L', 'K', 'L', 'N', 'S', 'W', 'Q', 'N', 'G', 'E', 'V', 'A', 'Y', 'Y', 'P', 'N', 'N', 'L', 'A', 'N', 'F', 'A', 'V', 'P', 'A', 'N', 'P', 'T', 'V', 'Y', 'N', 'F', 'N', 'T', 'S', 'S', 'T', 'A', 'K', 'S', 'A', 'L', 'A', 'A', 'A', 'A', 'N', 'L', 'I', 'S', 'G', 'T', 'V', 'K', 'N', 'G', 'T', 'T', 'P', 'V', 'A', 'G', 'A', 'K', 'V', 'E', 'I', 'V', 'L', 'P', 'W', 'T', 'D', 'N', 'T', 'H', 'N', 'W', 'K', 'S', 'V', 'L', 'A', 'T', 'T', 'D', 'A', 'S', 'G', 'N', 'Y', 'S', 'F', 'D', 'N', 'S', 'V', 'V', 'A', 'G', 'Y', 'T', 'Q', 'I', 'L', 'S', 'L', 'K', 'L', 'N', 'G', 'W', 'E', 'N', 'G', 'D', 'V', 'T', 'Y', 'Y', 'P', 'N', 'N', 'L', 'A', 'N', 'F', 'A', 'V', 'P', 'T', 'T', 'P', 'T', 'I', 'Y', 'N', 'F', 'N', 'R', 'Q', 'A', 'V', 'V', 'A', 'T', 'K', 'P', 'V', 'V', 'T', 'I', 'T', 'A', 'P', 'T', 'A', 'S', 'A', 'I', 'A', 'I', 'N', 'L', 'G', 'S', 'A', 'I', 'N', 'F', 'V', 'A', 'S', 'V', 'G', 'L', 'S', 'A', 'V', 'D', 'A', 'T', 'T', 'I', 'S', 'S', 'V', 'V', 'F', 'S', 'L', 'D', 'G', 'Q', 'S', 'L', 'S', 'T', 'A', 'N', 'S', 'S', 'G', 'T', 'Y', 'T', 'A', 'A', 'W', 'T', 'P', 'A', 'A', 'N', 'Q', 'F', 'S', 'L', 'S', 'H', 'T', 'L', 'T', 'V', 'T', 'A', 'T', 'A', 'S', 'N', 'G', 'T', 'T', 'D', 'S', 'K', 'T', 'Y', 'S', 'F', 'T', 'L', 'T', 'C', 'S', 'G', 'A', 'N', 'C', 'P', 'N', 'A', 'L', 'P', 'V', 'I', 'T', 'W', 'N', 'S', 'P', 'S', 'N', 'T', 'T', 'V', 'Y', 'Q', 'N', 'T', 'F', 'Q', 'V', 'V', 'P', 'I', 'S', 'V', 'T', 'A', 'V', 'D', 'S', 'D', 'G', 'T', 'V', 'S', 'G', 'V', 'T', 'I', 'T', 'I', 'N', 'G', 'G', 'T', 'F', 'N', 'M', 'T', 'A', 'G', 'T', 'N', 'N', 'T', 'Y', 'T', 'Y', 'N', 'F', 'T', 'P', 'S', 'A', 'Y', 'Q', 'D', 'Y', 'P', 'V', 'V', 'I', 'K', 'A', 'T', 'D', 'N', 'K', 'S', 'G', 'V', 'T', 'T', 'L', 'N', 'N', 'T', 'I', 'K', 'I', 'A', 'T', 'V', 'S', 'T', 'N', 'R', 'F', 'I', 'A', 'H', 'H', 'H', 'H', 'H', 'H']",0.282,,8.0,293.15,4.365018832270515,682
20,SH4UD_SH3_SH2,3.28,0.06,"['S', 'A', 'W', 'S', 'H', 'P', 'Q', 'F', 'E', 'K', 'G', 'S', 'N', 'K', 'S', 'K', 'P', 'K', 'D', 'A', 'S', 'Q', 'R', 'R', 'R', 'S', 'L', 'E', 'P', 'A', 'E', 'N', 'V', 'H', 'G', 'A', 'G', 'G', 'G', 'A', 'F', 'P', 'A', 'S', 'Q', 'T', 'P', 'S', 'K', 'P', 'A', 'S', 'A', 'D', 'G', 'H', 'R', 'G', 'P', 'S', 'A', 'A', 'F', 'A', 'P', 'A', 'A', 'A', 'E', 'P', 'K', 'L', 'F', 'G', 'G', 'F', 'N', 'S', 'S', 'D', 'T', 'V', 'T', 'S', 'P', 'Q', 'R', 'A', 'L', 'P', 'E', 'T', 'G', 'V', 'T', 'T', 'F', 'V', 'A', 'L', 'Y', 'D', 'Y', 'E', 'S', 'R', 'T', 'E', 'T', 'D', 'L', 'S', 'F', 'K', 'K', 'G', 'E', 'R', 'L', 'Q', 'I', 'V', 'N', 'N', 'T', 'E', 'G', 'D', 'W', 'W', 'L', 'A', 'H', 'S', 'L', 'S', 'T', 'G', 'Q', 'T', 'G', 'Y', 'I', 'P', 'S', 'N', 'Y', 'V', 'A', 'P', 'S', 'D', 'S', 'I', 'Q', 'A', 'E', 'E', 'W', 'Y', 'F', 'G', 'K', 'I', 'T', 'R', 'R', 'E', 'S', 'E', 'R', 'L', 'L', 'L', 'N', 'A', 'E', 'N', 'P', 'R', 'G', 'T', 'F', 'L', 'V', 'R', 'E', 'S', 'E', 'T', 'T', 'K', 'G', 'A', 'Y', 'C', 'L', 'S', 'V', 'S', 'D', 'F', 'D', 'N', 'A', 'K', 'G', 'L', 'N', 'V', 'K', 'H', 'Y', 'K', 'I', 'R', 'K', 'L', 'D', 'S', 'G', 'G', 'F', 'Y', 'I', 'T', 'S', 'R', 'T', 'Q', 'F', 'N', 'S', 'L', 'Q', 'Q', 'L', 'V', 'A', 'Y', 'Y', 'S', 'K', 'H', 'A', 'D', 'G', 'L', 'C', 'H', 'R', 'L', 'T', 'T', 'V', 'C', 'P', 'T', 'H', 'H', 'H', 'H', 'H', 'H']",0.216,,8.0,293.15,3.3502946535347906,264
21,NiV_V,6.97,0.02,"['S', 'M', 'D', 'K', 'L', 'E', 'L', 'V', 'N', 'D', 'G', 'L', 'N', 'I', 'I', 'D', 'F', 'I', 'Q', 'K', 'N', 'Q', 'K', 'E', 'I', 'Q', 'K', 'T', 'Y', 'G', 'R', 'S', 'S', 'I', 'Q', 'Q', 'P', 'S', 'I', 'K', 'D', 'Q', 'T', 'K', 'A', 'W', 'E', 'D', 'F', 'L', 'Q', 'C', 'T', 'S', 'G', 'E', 'S', 'E', 'Q', 'V', 'E', 'G', 'G', 'M', 'S', 'K', 'D', 'D', 'G', 'D', 'V', 'E', 'R', 'R', 'N', 'L', 'E', 'D', 'L', 'S', 'S', 'T', 'S', 'P', 'T', 'D', 'G', 'T', 'I', 'G', 'K', 'R', 'V', 'S', 'N', 'T', 'R', 'D', 'W', 'A', 'E', 'G', 'S', 'D', 'D', 'I', 'Q', 'L', 'D', 'P', 'V', 'V', 'T', 'D', 'V', 'V', 'Y', 'H', 'D', 'H', 'G', 'G', 'E', 'C', 'T', 'G', 'Y', 'G', 'F', 'T', 'S', 'S', 'P', 'E', 'R', 'G', 'W', 'S', 'D', 'Y', 'T', 'S', 'G', 'A', 'N', 'N', 'G', 'N', 'V', 'C', 'L', 'V', 'S', 'D', 'A', 'K', 'M', 'L', 'S', 'Y', 'A', 'P', 'E', 'I', 'A', 'V', 'S', 'K', 'E', 'D', 'R', 'E', 'T', 'D', 'L', 'V', 'H', 'L', 'E', 'N', 'K', 'L', 'S', 'T', 'T', 'G', 'L', 'N', 'P', 'T', 'A', 'V', 'P', 'F', 'T', 'L', 'R', 'N', 'L', 'S', 'D', 'P', 'A', 'K', 'D', 'S', 'P', 'V', 'I', 'A', 'E', 'H', 'Y', 'Y', 'G', 'L', 'G', 'V', 'K', 'E', 'Q', 'N', 'V', 'G', 'P', 'Q', 'T', 'S', 'R', 'N', 'V', 'N', 'L', 'D', 'S', 'I', 'K', 'L', 'Y', 'T', 'S', 'D', 'D', 'E', 'E', 'A', 'D', 'Q', 'L', 'E', 'F', 'E', 'D', 'E', 'F', 'A', 'G', 'S', 'S', 'S', 'E', 'V', 'I', 'V', 'G', 'I', 'S', 'P', 'E', 'D', 'E', 'E', 'P', 'S', 'S', 'V', 'G', 'G', 'K', 'P', 'N', 'E', 'S', 'I', 'G', 'R', 'T', 'I', 'E', 'G', 'Q', 'S', 'I', 'R', 'D', 'N', 'L', 'Q', 'A', 'K', 'D', 'N', 'K', 'S', 'T', 'D', 'V', 'P', 'G', 'A', 'G', 'P', 'K', 'D', 'S', 'A', 'V', 'K', 'E', 'E', 'P', 'P', 'Q', 'K', 'R', 'L', 'P', 'M', 'L', 'A', 'E', 'E', 'F', 'E', 'C', 'S', 'G', 'S', 'E', 'D', 'P', 'I', 'I', 'R', 'E', 'L', 'L', 'K', 'E', 'N', 'S', 'L', 'I', 'N', 'C', 'Q', 'Q', 'G', 'K', 'D', 'A', 'Q', 'P', 'P', 'Y', 'H', 'W', 'S', 'I', 'E', 'R', 'S', 'I', 'S', 'P', 'D', 'K', 'T', 'E', 'I', 'V', 'N', 'G', 'A', 'V', 'Q', 'T', 'A', 'D', 'R', 'Q', 'R', 'P', 'G', 'T', 'P', 'M', 'P', 'K', 'S', 'R', 'G', 'I', 'P', 'I', 'K', 'K', 'G', 'H', 'R', 'R', 'E', 'I', 'S', 'I', 'C', 'W', 'D', 'G', 'K', 'R', 'A', 'W', 'V', 'E', 'E', 'W', 'C', 'N', 'P', 'A', 'C', 'S', 'R', 'I', 'T', 'P', 'L', 'P', 'R', 'R', 'Q', 'E', 'C', 'Q', 'C', 'G', 'E', 'C', 'P', 'T', 'E', 'C', 'F', 'H', 'C', 'G']",0.232,,8.0,293.15,6.819040526060983,457
22,HeV_V,6.86,0.03,"['S', 'G', 'D', 'K', 'L', 'D', 'L', 'V', 'N', 'D', 'G', 'L', 'D', 'I', 'I', 'D', 'F', 'I', 'Q', 'K', 'N', 'Q', 'K', 'E', 'I', 'Q', 'K', 'T', 'Y', 'G', 'R', 'S', 'S', 'I', 'Q', 'Q', 'P', 'S', 'T', 'K', 'D', 'R', 'T', 'R', 'A', 'W', 'E', 'D', 'F', 'L', 'Q', 'S', 'T', 'S', 'G', 'E', 'H', 'E', 'Q', 'A', 'E', 'G', 'G', 'M', 'P', 'K', 'N', 'D', 'G', 'G', 'T', 'E', 'G', 'R', 'N', 'V', 'E', 'D', 'L', 'S', 'S', 'V', 'T', 'S', 'S', 'D', 'G', 'T', 'I', 'G', 'Q', 'R', 'V', 'S', 'N', 'T', 'R', 'A', 'W', 'A', 'E', 'D', 'P', 'D', 'D', 'I', 'Q', 'L', 'D', 'P', 'M', 'V', 'T', 'D', 'V', 'V', 'Y', 'H', 'D', 'H', 'G', 'G', 'E', 'C', 'T', 'G', 'H', 'G', 'P', 'S', 'S', 'S', 'P', 'E', 'R', 'G', 'W', 'S', 'Y', 'H', 'M', 'S', 'G', 'T', 'H', 'D', 'G', 'N', 'V', 'R', 'A', 'V', 'P', 'D', 'T', 'K', 'V', 'L', 'P', 'N', 'A', 'P', 'K', 'T', 'T', 'V', 'P', 'E', 'E', 'V', 'R', 'E', 'I', 'D', 'L', 'I', 'G', 'L', 'E', 'D', 'K', 'F', 'A', 'S', 'A', 'G', 'L', 'N', 'P', 'A', 'A', 'V', 'P', 'F', 'V', 'P', 'K', 'N', 'Q', 'S', 'T', 'P', 'T', 'E', 'E', 'P', 'P', 'V', 'I', 'P', 'E', 'Y', 'Y', 'Y', 'G', 'S', 'G', 'R', 'R', 'G', 'D', 'L', 'S', 'K', 'S', 'P', 'P', 'R', 'G', 'N', 'V', 'N', 'L', 'D', 'S', 'I', 'K', 'I', 'Y', 'T', 'S', 'D', 'D', 'E', 'D', 'E', 'N', 'Q', 'L', 'E', 'Y', 'E', 'D', 'E', 'F', 'A', 'K', 'S', 'S', 'S', 'E', 'V', 'V', 'I', 'D', 'T', 'T', 'P', 'E', 'D', 'N', 'D', 'S', 'I', 'N', 'Q', 'E', 'E', 'V', 'V', 'G', 'D', 'P', 'S', 'D', 'Q', 'G', 'L', 'E', 'H', 'P', 'F', 'P', 'L', 'G', 'K', 'F', 'P', 'E', 'K', 'E', 'E', 'T', 'P', 'D', 'V', 'R', 'R', 'K', 'D', 'S', 'L', 'M', 'Q', 'D', 'S', 'C', 'K', 'R', 'G', 'G', 'V', 'P', 'K', 'R', 'L', 'P', 'M', 'L', 'S', 'E', 'E', 'F', 'E', 'C', 'S', 'G', 'S', 'D', 'D', 'P', 'I', 'I', 'Q', 'E', 'L', 'E', 'R', 'E', 'G', 'S', 'H', 'P', 'G', 'G', 'S', 'L', 'R', 'L', 'R', 'E', 'P', 'P', 'Q', 'S', 'S', 'G', 'N', 'S', 'R', 'N', 'Q', 'P', 'D', 'R', 'Q', 'L', 'K', 'T', 'G', 'D', 'A', 'A', 'S', 'P', 'G', 'G', 'V', 'Q', 'R', 'P', 'G', 'T', 'P', 'M', 'P', 'K', 'S', 'R', 'I', 'M', 'P', 'I', 'K', 'K', 'G', 'H', 'R', 'R', 'E', 'V', 'S', 'I', 'C', 'W', 'D', 'G', 'R', 'R', 'A', 'W', 'V', 'E', 'E', 'W', 'C', 'N', 'P', 'V', 'C', 'S', 'R', 'I', 'T', 'P', 'Q', 'P', 'R', 'K', 'Q', 'E', 'C', 'Y', 'C', 'G', 'E', 'C', 'P', 'T', 'E', 'C', 'S', 'Q', 'C', 'C', 'H', 'E', 'E']",0.232,,8.0,293.15,6.603711904334316,458
